<annotation>
	<folder>Watermarks</folder>
	<filename>aeroplane32.jpg</filename>
	<path>E:\Test105\Watermarks\aeroplane32.jpg</path>
	<source>
		<database>Unknown</database>
	</source>
	<size>
		<width>640</width>
		<height>360</height>
		<depth>3</depth>
	</size>
	<segmented>0</segmented>
	<object>
		<name>watermark</name>
		<pose>Unspecified</pose>
		<truncated>0</truncated>
		<difficult>0</difficult>
		<bndbox>
			<xmin>577</xmin>
			<ymin>16</ymin>
			<xmax>611</xmax>
			<ymax>50</ymax>
		</bndbox>
	</object>
	<object>
		<name>watermark</name>
		<pose>Unspecified</pose>
		<truncated>0</truncated>
		<difficult>0</difficult>
		<bndbox>
			<xmin>8</xmin>
			<ymin>12</ymin>
			<xmax>89</xmax>
			<ymax>30</ymax>
		</bndbox>
	</object>
</annotation>
