<annotation>
	<folder>Watermarks</folder>
	<filename>car01.jpg</filename>
	<path>E:\Test105\Watermarks\car01.jpg</path>
	<source>
		<database>Unknown</database>
	</source>
	<size>
		<width>640</width>
		<height>360</height>
		<depth>3</depth>
	</size>
	<segmented>0</segmented>
	<object>
		<name>watermark</name>
		<pose>Unspecified</pose>
		<truncated>0</truncated>
		<difficult>0</difficult>
		<bndbox>
			<xmin>524</xmin>
			<ymin>318</ymin>
			<xmax>616</xmax>
			<ymax>339</ymax>
		</bndbox>
	</object>
	<object>
		<name>watermark</name>
		<pose>Unspecified</pose>
		<truncated>0</truncated>
		<difficult>0</difficult>
		<bndbox>
			<xmin>526</xmin>
			<ymin>12</ymin>
			<xmax>619</xmax>
			<ymax>51</ymax>
		</bndbox>
	</object>
</annotation>
