<annotation>
	<folder>Watermarks</folder>
	<filename>car29.jpg</filename>
	<path>E:\Test105\Watermarks\car29.jpg</path>
	<source>
		<database>Unknown</database>
	</source>
	<size>
		<width>640</width>
		<height>360</height>
		<depth>3</depth>
	</size>
	<segmented>0</segmented>
	<object>
		<name>watermark</name>
		<pose>Unspecified</pose>
		<truncated>0</truncated>
		<difficult>0</difficult>
		<bndbox>
			<xmin>480</xmin>
			<ymin>21</ymin>
			<xmax>618</xmax>
			<ymax>67</ymax>
		</bndbox>
	</object>
	<object>
		<name>watermark</name>
		<pose>Unspecified</pose>
		<truncated>0</truncated>
		<difficult>0</difficult>
		<bndbox>
			<xmin>481</xmin>
			<ymin>324</ymin>
			<xmax>632</xmax>
			<ymax>352</ymax>
		</bndbox>
	</object>
</annotation>
