<annotation>
	<folder>Watermarks</folder>
	<filename>car33.jpg</filename>
	<path>E:\Test105\Watermarks\car33.jpg</path>
	<source>
		<database>Unknown</database>
	</source>
	<size>
		<width>640</width>
		<height>360</height>
		<depth>3</depth>
	</size>
	<segmented>0</segmented>
	<object>
		<name>watermark</name>
		<pose>Unspecified</pose>
		<truncated>0</truncated>
		<difficult>0</difficult>
		<bndbox>
			<xmin>535</xmin>
			<ymin>8</ymin>
			<xmax>633</xmax>
			<ymax>34</ymax>
		</bndbox>
	</object>
</annotation>
