<annotation>
	<folder>Watermarks</folder>
	<filename>person06.jpg</filename>
	<path>E:\Test105\Watermarks\person06.jpg</path>
	<source>
		<database>Unknown</database>
	</source>
	<size>
		<width>640</width>
		<height>360</height>
		<depth>3</depth>
	</size>
	<segmented>0</segmented>
	<object>
		<name>watermark</name>
		<pose>Unspecified</pose>
		<truncated>0</truncated>
		<difficult>0</difficult>
		<bndbox>
			<xmin>558</xmin>
			<ymin>10</ymin>
			<xmax>628</xmax>
			<ymax>29</ymax>
		</bndbox>
	</object>
	<object>
		<name>watermark</name>
		<pose>Unspecified</pose>
		<truncated>0</truncated>
		<difficult>0</difficult>
		<bndbox>
			<xmin>269</xmin>
			<ymin>327</ymin>
			<xmax>376</xmax>
			<ymax>344</ymax>
		</bndbox>
	</object>
</annotation>
