<annotation>
	<folder>Watermarks</folder>
	<filename>person18.jpg</filename>
	<path>E:\Test105\Watermarks\person18.jpg</path>
	<source>
		<database>Unknown</database>
	</source>
	<size>
		<width>640</width>
		<height>360</height>
		<depth>3</depth>
	</size>
	<segmented>0</segmented>
	<object>
		<name>watermark</name>
		<pose>Unspecified</pose>
		<truncated>1</truncated>
		<difficult>0</difficult>
		<bndbox>
			<xmin>1</xmin>
			<ymin>335</ymin>
			<xmax>62</xmax>
			<ymax>360</ymax>
		</bndbox>
	</object>
</annotation>
